{"cameraMode":{"drawMode":0,"name":"Shaded","section":"Shading Mode"},"sceneLighting":true,"audioPlay":false,"sceneViewState":{"m_AlwaysRefresh":false,"showFog":true,"showSkybox":true,"showFlares":true,"showImageEffects":true,"showParticleSystems":true,"showVisualEffectGraphs":true,"m_FxEnabled":true},"in2DMode":false,"pivot":{"x":-3.1169521808624269,"y":2.1845314502716066,"z":137.77374267578126},"rotation":{"x":0.11174959689378739,"y":0.6957712769508362,"z":-0.11052568256855011,"w":0.701017439365387},"size":0.8660253882408142,"orthographic":false}