{"cameraMode":{"drawMode":0,"name":"Shaded","section":"Shading Mode"},"sceneLighting":true,"audioPlay":false,"sceneViewState":{"m_AlwaysRefresh":false,"showFog":true,"showSkybox":true,"showFlares":true,"showImageEffects":true,"showParticleSystems":true,"showVisualEffectGraphs":true,"m_FxEnabled":true},"in2DMode":false,"pivot":{"x":15.639152526855469,"y":2.63775897026062,"z":109.09363555908203},"rotation":{"x":-0.07631784677505493,"y":-0.11149867624044419,"z":0.008098868653178215,"w":-0.9909208416938782},"size":1.0661884546279908,"orthographic":false}