{"cameraMode":{"drawMode":0,"name":"Shaded","section":"Shading Mode"},"sceneLighting":true,"audioPlay":false,"sceneViewState":{"m_AlwaysRefresh":false,"showFog":true,"showSkybox":true,"showFlares":true,"showImageEffects":true,"showParticleSystems":true,"showVisualEffectGraphs":true,"m_FxEnabled":true},"in2DMode":false,"pivot":{"x":-20.20389175415039,"y":16.947742462158204,"z":108.97942352294922},"rotation":{"x":-0.16777120530605317,"y":0.7886818647384644,"z":0.5376450419425964,"w":0.24700000882148744},"size":1.0661884546279908,"orthographic":false}