{"cameraMode":{"drawMode":0,"name":"Shaded","section":"Shading Mode"},"sceneLighting":false,"audioPlay":false,"sceneViewState":{"m_AlwaysRefresh":false,"showFog":true,"showSkybox":false,"showFlares":true,"showImageEffects":true,"showParticleSystems":true,"showVisualEffectGraphs":true,"m_FxEnabled":true},"in2DMode":false,"pivot":{"x":-1.3943676948547364,"y":3.6245903968811037,"z":2.0317800045013429},"rotation":{"x":0.038395050913095477,"y":-0.41778475046157839,"z":0.017753174528479577,"w":0.9076548218727112},"size":1.7700215578079224,"orthographic":false}